{
  "learning_rate": 0.29562103496129133,
  "num_leaves": 64,
  "max_depth": 9,
  "min_child_samples": 61,
  "subsample": 0.9300284601098346,
  "colsample_bytree": 0.9198216511416135,
  "reg_alpha": 0.009420158668908824,
  "reg_lambda": 0.0024782418766458366,
  "n_estimators": 2000,
  "random_state": 42,
  "n_jobs": -1,
  "verbose": -1
}