{
  "learning_rate": 0.2020011748414922,
  "num_leaves": 64,
  "max_depth": 10,
  "min_child_samples": 73,
  "subsample": 0.9077240751630579,
  "colsample_bytree": 0.9404703288699102,
  "reg_alpha": 0.06336303115984675,
  "reg_lambda": 0.001094725439727594,
  "n_estimators": 2000,
  "random_state": 42,
  "n_jobs": -1,
  "verbose": -1
}