{
  "learning_rate": 0.24633334945822288,
  "num_leaves": 64,
  "max_depth": 9,
  "min_child_samples": 74,
  "subsample": 0.9359652801477903,
  "colsample_bytree": 0.9984922744306394,
  "reg_alpha": 0.005815490937276047,
  "reg_lambda": 0.0018847791408123263,
  "n_estimators": 2000,
  "random_state": 42,
  "n_jobs": -1,
  "verbose": -1
}