{
  "learning_rate": 0.24758201999972032,
  "num_leaves": 64,
  "max_depth": 8,
  "min_child_samples": 60,
  "subsample": 0.9900386816938576,
  "colsample_bytree": 0.975237798760259,
  "reg_alpha": 0.004100949098556426,
  "reg_lambda": 0.006927604024832105,
  "n_estimators": 2000,
  "random_state": 42,
  "n_jobs": -1,
  "verbose": -1
}