{
  "learning_rate": 0.22096518922383712,
  "num_leaves": 53,
  "max_depth": 10,
  "min_child_samples": 72,
  "subsample": 0.937548112585107,
  "colsample_bytree": 0.9512528907737581,
  "reg_alpha": 0.007225143181903052,
  "reg_lambda": 4.190052181634201,
  "n_estimators": 2000,
  "random_state": 42,
  "n_jobs": -1,
  "verbose": -1
}